{
  "time": {
    "rtime": 0.652603924,
    "utime": 0.07027,
    "stime": 0.016947999999999998,
    "cutime": 0.05619,
    "cstime": 0.046919
  },
  "mem": {
    "minor_gb": 0.042786456644535065,
    "promoted_gb": 0.001886516809463501,
    "major_gb": 0.002382934093475342,
    "allocated_gb": 0.043282873928546906,
    "minor_collections": 9,
    "major_collections": 1,
    "compactions": 0,
    "top_heap_gb": 0.003662109375,
    "stack_kb": 0.53125,
    "minor_heap_kb": 8192.0
  }
}