{
  "time": {
    "rtime": {
      "sum": 0.00023178400000000002,
      "avg": 0.00023178400000000002,
      "min": 0.00023178400000000002,
      "p10": 0.00023178400000000002,
      "median": 0.00023178400000000002,
      "p75": 0.00023178400000000002,
      "max": 0.00023178400000000002,
      "count": 1
    },
    "utime": {
      "sum": 0.00019800000000000373,
      "avg": 0.00019800000000000373,
      "min": 0.00019800000000000373,
      "p10": 0.00019800000000000373,
      "median": 0.00019800000000000373,
      "p75": 0.00019800000000000373,
      "max": 0.00019800000000000373,
      "count": 1
    },
    "stime": {
      "sum": 2.9999999999998778e-05,
      "avg": 2.9999999999998778e-05,
      "min": 2.9999999999998778e-05,
      "p10": 2.9999999999998778e-05,
      "median": 2.9999999999998778e-05,
      "p75": 2.9999999999998778e-05,
      "max": 2.9999999999998778e-05,
      "count": 1
    },
    "cutime": {
      "sum": 0.0,
      "avg": 0.0,
      "min": 0.0,
      "p10": 0.0,
      "median": 0.0,
      "p75": 0.0,
      "max": 0.0,
      "count": 1
    },
    "cstime": {
      "sum": 0.0,
      "avg": 0.0,
      "min": 0.0,
      "p10": 0.0,
      "median": 0.0,
      "p75": 0.0,
      "max": 0.0,
      "count": 1
    }
  }
}