{
  "time": {
    "rtime": 0.00023178400000000002,
    "utime": 0.00019800000000000373,
    "stime": 2.9999999999998778e-05,
    "cutime": 0.0,
    "cstime": 0.0
  }
}