{
  "time": {
    "rtime": {
      "sum": 0.000213488,
      "avg": 0.000213488,
      "min": 0.000213488,
      "p10": 0.000213488,
      "median": 0.000213488,
      "p75": 0.000213488,
      "max": 0.000213488,
      "count": 1
    },
    "utime": {
      "sum": 0.00016599999999999948,
      "avg": 0.00016599999999999948,
      "min": 0.00016599999999999948,
      "p10": 0.00016599999999999948,
      "median": 0.00016599999999999948,
      "p75": 0.00016599999999999948,
      "max": 0.00016599999999999948,
      "count": 1
    },
    "stime": {
      "sum": 4.300000000000137e-05,
      "avg": 4.300000000000137e-05,
      "min": 4.300000000000137e-05,
      "p10": 4.300000000000137e-05,
      "median": 4.300000000000137e-05,
      "p75": 4.300000000000137e-05,
      "max": 4.300000000000137e-05,
      "count": 1
    },
    "cutime": {
      "sum": 0.0,
      "avg": 0.0,
      "min": 0.0,
      "p10": 0.0,
      "median": 0.0,
      "p75": 0.0,
      "max": 0.0,
      "count": 1
    },
    "cstime": {
      "sum": 0.0,
      "avg": 0.0,
      "min": 0.0,
      "p10": 0.0,
      "median": 0.0,
      "p75": 0.0,
      "max": 0.0,
      "count": 1
    }
  }
}