{
  "time": {
    "rtime": 0.000213488,
    "utime": 0.00016599999999999948,
    "stime": 4.300000000000137e-05,
    "cutime": 0.0,
    "cstime": 0.0
  }
}