{
  "time": {
    "rtime": 0.000264388,
    "utime": 0.00025899999999999535,
    "stime": 0.0,
    "cutime": 0.0,
    "cstime": 0.0
  }
}