{
  "time": {
    "rtime": {
      "sum": 1.967561544,
      "avg": 0.983780772,
      "min": 0.8391455250000001,
      "p10": 0.983780772,
      "median": 0.983780772,
      "p75": 0.983780772,
      "max": 1.128416019,
      "count": 2
    },
    "utime": {
      "sum": 1.209664,
      "avg": 0.604832,
      "min": 0.581917,
      "p10": 0.604832,
      "median": 0.604832,
      "p75": 0.604832,
      "max": 0.6277469999999999,
      "count": 2
    },
    "stime": {
      "sum": 0.052296999999999996,
      "avg": 0.026148499999999998,
      "min": 0.018875999999999997,
      "p10": 0.026148499999999998,
      "median": 0.026148499999999998,
      "p75": 0.026148499999999998,
      "max": 0.033421,
      "count": 2
    },
    "cutime": {
      "sum": 0.036186,
      "avg": 0.018093,
      "min": 0.0,
      "p10": 0.018093,
      "median": 0.018093,
      "p75": 0.018093,
      "max": 0.036186,
      "count": 2
    },
    "cstime": {
      "sum": 0.010889,
      "avg": 0.0054445,
      "min": 0.0,
      "p10": 0.0054445,
      "median": 0.0054445,
      "p75": 0.0054445,
      "max": 0.010889,
      "count": 2
    }
  },
  "mem": {
    "minor_gb": {
      "sum": 0.7198257744312286,
      "avg": 0.7198257744312286,
      "min": 0.7198257744312286,
      "p10": 0.7198257744312286,
      "median": 0.7198257744312286,
      "p75": 0.7198257744312286,
      "max": 0.7198257744312286,
      "count": 1
    },
    "promoted_gb": {
      "sum": 0.006732769310474396,
      "avg": 0.006732769310474396,
      "min": 0.006732769310474396,
      "p10": 0.006732769310474396,
      "median": 0.006732769310474396,
      "p75": 0.006732769310474396,
      "max": 0.006732769310474396,
      "count": 1
    },
    "major_gb": {
      "sum": 0.007962696254253387,
      "avg": 0.007962696254253387,
      "min": 0.007962696254253387,
      "p10": 0.007962696254253387,
      "median": 0.007962696254253387,
      "p75": 0.007962696254253387,
      "max": 0.007962696254253387,
      "count": 1
    },
    "allocated_gb": {
      "sum": 0.7210557013750076,
      "avg": 0.7210557013750076,
      "min": 0.7210557013750076,
      "p10": 0.7210557013750076,
      "median": 0.7210557013750076,
      "p75": 0.7210557013750076,
      "max": 0.7210557013750076,
      "count": 1
    },
    "minor_collections": {
      "sum": 97.0,
      "avg": 97.0,
      "min": 97.0,
      "p10": 97.0,
      "median": 97.0,
      "p75": 97.0,
      "max": 97.0,
      "count": 1
    },
    "major_collections": {
      "sum": 4.0,
      "avg": 4.0,
      "min": 4.0,
      "p10": 4.0,
      "median": 4.0,
      "p75": 4.0,
      "max": 4.0,
      "count": 1
    },
    "compactions": {
      "sum": 0.0,
      "avg": 0.0,
      "min": 0.0,
      "p10": 0.0,
      "median": 0.0,
      "p75": 0.0,
      "max": 0.0,
      "count": 1
    },
    "top_heap_gb": {
      "sum": 0.005573272705078125,
      "avg": 0.005573272705078125,
      "min": 0.005573272705078125,
      "p10": 0.005573272705078125,
      "median": 0.005573272705078125,
      "p75": 0.005573272705078125,
      "max": 0.005573272705078125,
      "count": 1
    },
    "stack_kb": {
      "sum": 0.671875,
      "avg": 0.671875,
      "min": 0.671875,
      "p10": 0.671875,
      "median": 0.671875,
      "p75": 0.671875,
      "max": 0.671875,
      "count": 1
    },
    "minor_heap_kb": {
      "sum": 8192.0,
      "avg": 8192.0,
      "min": 8192.0,
      "p10": 8192.0,
      "median": 8192.0,
      "p75": 8192.0,
      "max": 8192.0,
      "count": 1
    }
  }
}