{
  "time": {
    "rtime": {
      "sum": 1.7108566840000001,
      "avg": 0.8554283420000001,
      "min": 0.736617862,
      "p10": 0.8554283420000001,
      "median": 0.8554283420000001,
      "p75": 0.8554283420000001,
      "max": 0.9742388220000001,
      "count": 2
    },
    "utime": {
      "sum": 1.174158,
      "avg": 0.587079,
      "min": 0.5571630000000001,
      "p10": 0.587079,
      "median": 0.587079,
      "p75": 0.587079,
      "max": 0.616995,
      "count": 2
    },
    "stime": {
      "sum": 0.03776,
      "avg": 0.01888,
      "min": 0.018781,
      "p10": 0.01888,
      "median": 0.01888,
      "p75": 0.01888,
      "max": 0.018979,
      "count": 2
    },
    "cutime": {
      "sum": 0.032768,
      "avg": 0.016384,
      "min": 0.0,
      "p10": 0.016384,
      "median": 0.016384,
      "p75": 0.016384,
      "max": 0.032768,
      "count": 2
    },
    "cstime": {
      "sum": 0.015533,
      "avg": 0.0077665,
      "min": 0.0,
      "p10": 0.0077665,
      "median": 0.0077665,
      "p75": 0.0077665,
      "max": 0.015533,
      "count": 2
    }
  },
  "mem": {
    "minor_gb": {
      "sum": 0.7198256850242615,
      "avg": 0.7198256850242615,
      "min": 0.7198256850242615,
      "p10": 0.7198256850242615,
      "median": 0.7198256850242615,
      "p75": 0.7198256850242615,
      "max": 0.7198256850242615,
      "count": 1
    },
    "promoted_gb": {
      "sum": 0.0067330002784729,
      "avg": 0.0067330002784729,
      "min": 0.0067330002784729,
      "p10": 0.0067330002784729,
      "median": 0.0067330002784729,
      "p75": 0.0067330002784729,
      "max": 0.0067330002784729,
      "count": 1
    },
    "major_gb": {
      "sum": 0.007962927222251892,
      "avg": 0.007962927222251892,
      "min": 0.007962927222251892,
      "p10": 0.007962927222251892,
      "median": 0.007962927222251892,
      "p75": 0.007962927222251892,
      "max": 0.007962927222251892,
      "count": 1
    },
    "allocated_gb": {
      "sum": 0.7210556119680405,
      "avg": 0.7210556119680405,
      "min": 0.7210556119680405,
      "p10": 0.7210556119680405,
      "median": 0.7210556119680405,
      "p75": 0.7210556119680405,
      "max": 0.7210556119680405,
      "count": 1
    },
    "minor_collections": {
      "sum": 97.0,
      "avg": 97.0,
      "min": 97.0,
      "p10": 97.0,
      "median": 97.0,
      "p75": 97.0,
      "max": 97.0,
      "count": 1
    },
    "major_collections": {
      "sum": 4.0,
      "avg": 4.0,
      "min": 4.0,
      "p10": 4.0,
      "median": 4.0,
      "p75": 4.0,
      "max": 4.0,
      "count": 1
    },
    "compactions": {
      "sum": 0.0,
      "avg": 0.0,
      "min": 0.0,
      "p10": 0.0,
      "median": 0.0,
      "p75": 0.0,
      "max": 0.0,
      "count": 1
    },
    "top_heap_gb": {
      "sum": 0.005573272705078125,
      "avg": 0.005573272705078125,
      "min": 0.005573272705078125,
      "p10": 0.005573272705078125,
      "median": 0.005573272705078125,
      "p75": 0.005573272705078125,
      "max": 0.005573272705078125,
      "count": 1
    },
    "stack_kb": {
      "sum": 0.671875,
      "avg": 0.671875,
      "min": 0.671875,
      "p10": 0.671875,
      "median": 0.671875,
      "p75": 0.671875,
      "max": 0.671875,
      "count": 1
    },
    "minor_heap_kb": {
      "sum": 8192.0,
      "avg": 8192.0,
      "min": 8192.0,
      "p10": 8192.0,
      "median": 8192.0,
      "p75": 8192.0,
      "max": 8192.0,
      "count": 1
    }
  }
}