{
  "time": {
    "rtime": 0.736617862,
    "utime": 0.5571630000000001,
    "stime": 0.018781,
    "cutime": 0.0,
    "cstime": 0.0
  }
}