{
  "time": {
    "rtime": 0.9742388220000001,
    "utime": 0.616995,
    "stime": 0.018979,
    "cutime": 0.032768,
    "cstime": 0.015533
  },
  "mem": {
    "minor_gb": 0.7198256850242615,
    "promoted_gb": 0.0067330002784729,
    "major_gb": 0.007962927222251892,
    "allocated_gb": 0.7210556119680405,
    "minor_collections": 97,
    "major_collections": 4,
    "compactions": 0,
    "top_heap_gb": 0.005573272705078125,
    "stack_kb": 0.671875,
    "minor_heap_kb": 8192.0
  }
}