{
  "time": {
    "rtime": 0.8391455250000001,
    "utime": 0.581917,
    "stime": 0.018875999999999997,
    "cutime": 0.0,
    "cstime": 0.0
  }
}