{
  "time": {
    "rtime": 1.128416019,
    "utime": 0.6277469999999999,
    "stime": 0.033421,
    "cutime": 0.036186,
    "cstime": 0.010889
  },
  "mem": {
    "minor_gb": 0.7198257744312286,
    "promoted_gb": 0.006732769310474396,
    "major_gb": 0.007962696254253387,
    "allocated_gb": 0.7210557013750076,
    "minor_collections": 97,
    "major_collections": 4,
    "compactions": 0,
    "top_heap_gb": 0.005573272705078125,
    "stack_kb": 0.671875,
    "minor_heap_kb": 8192.0
  }
}