{
  "time": {
    "rtime": {
      "sum": 0.670131166,
      "avg": 0.335065583,
      "min": 0.19793864200000003,
      "p10": 0.335065583,
      "median": 0.335065583,
      "p75": 0.335065583,
      "max": 0.472192524,
      "count": 2
    },
    "utime": {
      "sum": 0.210857,
      "avg": 0.1054285,
      "min": 0.079428,
      "p10": 0.1054285,
      "median": 0.1054285,
      "p75": 0.1054285,
      "max": 0.131429,
      "count": 2
    },
    "stime": {
      "sum": 0.026593000000000002,
      "avg": 0.013296500000000001,
      "min": 0.011156000000000001,
      "p10": 0.013296500000000001,
      "median": 0.013296500000000001,
      "p75": 0.013296500000000001,
      "max": 0.015437000000000001,
      "count": 2
    },
    "cutime": {
      "sum": 0.039616,
      "avg": 0.019808,
      "min": 0.0,
      "p10": 0.019808,
      "median": 0.019808,
      "p75": 0.019808,
      "max": 0.039616,
      "count": 2
    },
    "cstime": {
      "sum": 0.006973,
      "avg": 0.0034865,
      "min": 0.0,
      "p10": 0.0034865,
      "median": 0.0034865,
      "p75": 0.0034865,
      "max": 0.006973,
      "count": 2
    }
  },
  "mem": {
    "minor_gb": {
      "sum": 0.11646395921707153,
      "avg": 0.11646395921707153,
      "min": 0.11646395921707153,
      "p10": 0.11646395921707153,
      "median": 0.11646395921707153,
      "p75": 0.11646395921707153,
      "max": 0.11646395921707153,
      "count": 1
    },
    "promoted_gb": {
      "sum": 0.0024420320987701416,
      "avg": 0.0024420320987701416,
      "min": 0.0024420320987701416,
      "p10": 0.0024420320987701416,
      "median": 0.0024420320987701416,
      "p75": 0.0024420320987701416,
      "max": 0.0024420320987701416,
      "count": 1
    },
    "major_gb": {
      "sum": 0.00292099267244339,
      "avg": 0.00292099267244339,
      "min": 0.00292099267244339,
      "p10": 0.00292099267244339,
      "median": 0.00292099267244339,
      "p75": 0.00292099267244339,
      "max": 0.00292099267244339,
      "count": 1
    },
    "allocated_gb": {
      "sum": 0.11694291979074478,
      "avg": 0.11694291979074478,
      "min": 0.11694291979074478,
      "p10": 0.11694291979074478,
      "median": 0.11694291979074478,
      "p75": 0.11694291979074478,
      "max": 0.11694291979074478,
      "count": 1
    },
    "minor_collections": {
      "sum": 18.0,
      "avg": 18.0,
      "min": 18.0,
      "p10": 18.0,
      "median": 18.0,
      "p75": 18.0,
      "max": 18.0,
      "count": 1
    },
    "major_collections": {
      "sum": 1.0,
      "avg": 1.0,
      "min": 1.0,
      "p10": 1.0,
      "median": 1.0,
      "p75": 1.0,
      "max": 1.0,
      "count": 1
    },
    "compactions": {
      "sum": 0.0,
      "avg": 0.0,
      "min": 0.0,
      "p10": 0.0,
      "median": 0.0,
      "p75": 0.0,
      "max": 0.0,
      "count": 1
    },
    "top_heap_gb": {
      "sum": 0.003662109375,
      "avg": 0.003662109375,
      "min": 0.003662109375,
      "p10": 0.003662109375,
      "median": 0.003662109375,
      "p75": 0.003662109375,
      "max": 0.003662109375,
      "count": 1
    },
    "stack_kb": {
      "sum": 0.671875,
      "avg": 0.671875,
      "min": 0.671875,
      "p10": 0.671875,
      "median": 0.671875,
      "p75": 0.671875,
      "max": 0.671875,
      "count": 1
    },
    "minor_heap_kb": {
      "sum": 8192.0,
      "avg": 8192.0,
      "min": 8192.0,
      "p10": 8192.0,
      "median": 8192.0,
      "p75": 8192.0,
      "max": 8192.0,
      "count": 1
    }
  }
}