{
  "time": {
    "rtime": 0.19793864200000003,
    "utime": 0.079428,
    "stime": 0.011156000000000001,
    "cutime": 0.0,
    "cstime": 0.0
  }
}