{
  "time": {
    "rtime": {
      "sum": 0.333146504,
      "avg": 0.166573252,
      "min": 0.044473778000000005,
      "p10": 0.166573252,
      "median": 0.166573252,
      "p75": 0.166573252,
      "max": 0.288672726,
      "count": 2
    },
    "utime": {
      "sum": 0.073154,
      "avg": 0.036577,
      "min": 0.015932,
      "p10": 0.036577,
      "median": 0.036577,
      "p75": 0.036577,
      "max": 0.057222,
      "count": 2
    },
    "stime": {
      "sum": 0.020335000000000002,
      "avg": 0.010167500000000001,
      "min": 0.0035150000000000008,
      "p10": 0.010167500000000001,
      "median": 0.010167500000000001,
      "p75": 0.010167500000000001,
      "max": 0.01682,
      "count": 2
    },
    "cutime": {
      "sum": 0.038076,
      "avg": 0.019038,
      "min": 0.0,
      "p10": 0.019038,
      "median": 0.019038,
      "p75": 0.019038,
      "max": 0.038076,
      "count": 2
    },
    "cstime": {
      "sum": 0.005174,
      "avg": 0.002587,
      "min": 0.0,
      "p10": 0.002587,
      "median": 0.002587,
      "p75": 0.002587,
      "max": 0.005174,
      "count": 2
    }
  },
  "mem": {
    "minor_gb": {
      "sum": 0.03636275231838226,
      "avg": 0.03636275231838226,
      "min": 0.03636275231838226,
      "p10": 0.03636275231838226,
      "median": 0.03636275231838226,
      "p75": 0.03636275231838226,
      "max": 0.03636275231838226,
      "count": 1
    },
    "promoted_gb": {
      "sum": 0.0018100440502166748,
      "avg": 0.0018100440502166748,
      "min": 0.0018100440502166748,
      "p10": 0.0018100440502166748,
      "median": 0.0018100440502166748,
      "p75": 0.0018100440502166748,
      "max": 0.0018100440502166748,
      "count": 1
    },
    "major_gb": {
      "sum": 0.0022741109132766724,
      "avg": 0.0022741109132766724,
      "min": 0.0022741109132766724,
      "p10": 0.0022741109132766724,
      "median": 0.0022741109132766724,
      "p75": 0.0022741109132766724,
      "max": 0.0022741109132766724,
      "count": 1
    },
    "allocated_gb": {
      "sum": 0.03682681918144226,
      "avg": 0.03682681918144226,
      "min": 0.03682681918144226,
      "p10": 0.03682681918144226,
      "median": 0.03682681918144226,
      "p75": 0.03682681918144226,
      "max": 0.03682681918144226,
      "count": 1
    },
    "minor_collections": {
      "sum": 8.0,
      "avg": 8.0,
      "min": 8.0,
      "p10": 8.0,
      "median": 8.0,
      "p75": 8.0,
      "max": 8.0,
      "count": 1
    },
    "major_collections": {
      "sum": 1.0,
      "avg": 1.0,
      "min": 1.0,
      "p10": 1.0,
      "median": 1.0,
      "p75": 1.0,
      "max": 1.0,
      "count": 1
    },
    "compactions": {
      "sum": 0.0,
      "avg": 0.0,
      "min": 0.0,
      "p10": 0.0,
      "median": 0.0,
      "p75": 0.0,
      "max": 0.0,
      "count": 1
    },
    "top_heap_gb": {
      "sum": 0.003662109375,
      "avg": 0.003662109375,
      "min": 0.003662109375,
      "p10": 0.003662109375,
      "median": 0.003662109375,
      "p75": 0.003662109375,
      "max": 0.003662109375,
      "count": 1
    },
    "stack_kb": {
      "sum": 0.671875,
      "avg": 0.671875,
      "min": 0.671875,
      "p10": 0.671875,
      "median": 0.671875,
      "p75": 0.671875,
      "max": 0.671875,
      "count": 1
    },
    "minor_heap_kb": {
      "sum": 8192.0,
      "avg": 8192.0,
      "min": 8192.0,
      "p10": 8192.0,
      "median": 8192.0,
      "p75": 8192.0,
      "max": 8192.0,
      "count": 1
    }
  }
}