{
  "time": {
    "rtime": 0.044473778000000005,
    "utime": 0.015932,
    "stime": 0.0035150000000000008,
    "cutime": 0.0,
    "cstime": 0.0
  }
}