{
  "time": {
    "rtime": 0.36213494100000004,
    "utime": 0.062498,
    "stime": 0.0038259999999999995,
    "cutime": 0.063475,
    "cstime": 0.004179
  },
  "mem": {
    "minor_gb": 0.026554033160209656,
    "promoted_gb": 0.001783326268196106,
    "major_gb": 0.0022364333271980286,
    "allocated_gb": 0.02700714021921158,
    "minor_collections": 7,
    "major_collections": 1,
    "compactions": 0,
    "top_heap_gb": 0.003662109375,
    "stack_kb": 0.53125,
    "minor_heap_kb": 8192.0
  }
}