{
  "time": {
    "rtime": 0.44201340800000005,
    "utime": 0.086615,
    "stime": 0.014854,
    "cutime": 0.06891899999999999,
    "cstime": 0.007696
  },
  "mem": {
    "minor_gb": 0.05596495419740677,
    "promoted_gb": 0.0023516714572906494,
    "major_gb": 0.002859845757484436,
    "allocated_gb": 0.056473128497600555,
    "minor_collections": 12,
    "major_collections": 1,
    "compactions": 0,
    "top_heap_gb": 0.003662109375,
    "stack_kb": 0.53125,
    "minor_heap_kb": 8192.0
  }
}