{
  "time": {
    "rtime": 0.6862506030000001,
    "utime": 0.08309599999999999,
    "stime": 0.013504000000000002,
    "cutime": 0.064348,
    "cstime": 0.027377
  },
  "mem": {
    "minor_gb": 0.056000836193561554,
    "promoted_gb": 0.0023515671491622925,
    "major_gb": 0.002859741449356079,
    "allocated_gb": 0.05650901049375534,
    "minor_collections": 12,
    "major_collections": 1,
    "compactions": 0,
    "top_heap_gb": 0.003662109375,
    "stack_kb": 0.53125,
    "minor_heap_kb": 8192.0
  }
}