{
  "time": {
    "rtime": 1.197457688,
    "utime": 0.6323139999999999,
    "stime": 0.034147,
    "cutime": 0.058103,
    "cstime": 0.016369
  },
  "mem": {
    "minor_gb": 0.7218422070145607,
    "promoted_gb": 0.006732769310474396,
    "major_gb": 0.008102774620056152,
    "allocated_gb": 0.7232122123241425,
    "minor_collections": 97,
    "major_collections": 4,
    "compactions": 0,
    "top_heap_gb": 0.005573272705078125,
    "stack_kb": 0.53125,
    "minor_heap_kb": 8192.0
  }
}