{
  "time": {
    "rtime": {
      "sum": 0.45946179200000004,
      "avg": 0.22973089600000002,
      "min": 0.10513206700000001,
      "p10": 0.22973089600000002,
      "median": 0.22973089600000002,
      "p75": 0.22973089600000002,
      "max": 0.35432972500000004,
      "count": 2
    },
    "utime": {
      "sum": 0.10419500000000001,
      "avg": 0.052097500000000005,
      "min": 0.03144400000000001,
      "p10": 0.052097500000000005,
      "median": 0.052097500000000005,
      "p75": 0.052097500000000005,
      "max": 0.07275100000000001,
      "count": 2
    },
    "stime": {
      "sum": 0.020341,
      "avg": 0.0101705,
      "min": 0.0033760000000000005,
      "p10": 0.0101705,
      "median": 0.0101705,
      "p75": 0.0101705,
      "max": 0.016965,
      "count": 2
    },
    "cutime": {
      "sum": 0.036027,
      "avg": 0.0180135,
      "min": 0.0,
      "p10": 0.0180135,
      "median": 0.0180135,
      "p75": 0.0180135,
      "max": 0.036027,
      "count": 2
    },
    "cstime": {
      "sum": 0.008329,
      "avg": 0.0041645,
      "min": 0.0,
      "p10": 0.0041645,
      "median": 0.0041645,
      "p75": 0.0041645,
      "max": 0.008329,
      "count": 2
    }
  },
  "mem": {
    "minor_gb": {
      "sum": 0.05215265601873398,
      "avg": 0.05215265601873398,
      "min": 0.05215265601873398,
      "p10": 0.05215265601873398,
      "median": 0.05215265601873398,
      "p75": 0.05215265601873398,
      "max": 0.05215265601873398,
      "count": 1
    },
    "promoted_gb": {
      "sum": 0.0018948018550872803,
      "avg": 0.0018948018550872803,
      "min": 0.0018948018550872803,
      "p10": 0.0018948018550872803,
      "median": 0.0018948018550872803,
      "p75": 0.0018948018550872803,
      "max": 0.0018948018550872803,
      "count": 1
    },
    "major_gb": {
      "sum": 0.0023736506700515747,
      "avg": 0.0023736506700515747,
      "min": 0.0023736506700515747,
      "p10": 0.0023736506700515747,
      "median": 0.0023736506700515747,
      "p75": 0.0023736506700515747,
      "max": 0.0023736506700515747,
      "count": 1
    },
    "allocated_gb": {
      "sum": 0.05263150483369827,
      "avg": 0.05263150483369827,
      "min": 0.05263150483369827,
      "p10": 0.05263150483369827,
      "median": 0.05263150483369827,
      "p75": 0.05263150483369827,
      "max": 0.05263150483369827,
      "count": 1
    },
    "minor_collections": {
      "sum": 10.0,
      "avg": 10.0,
      "min": 10.0,
      "p10": 10.0,
      "median": 10.0,
      "p75": 10.0,
      "max": 10.0,
      "count": 1
    },
    "major_collections": {
      "sum": 1.0,
      "avg": 1.0,
      "min": 1.0,
      "p10": 1.0,
      "median": 1.0,
      "p75": 1.0,
      "max": 1.0,
      "count": 1
    },
    "compactions": {
      "sum": 0.0,
      "avg": 0.0,
      "min": 0.0,
      "p10": 0.0,
      "median": 0.0,
      "p75": 0.0,
      "max": 0.0,
      "count": 1
    },
    "top_heap_gb": {
      "sum": 0.003662109375,
      "avg": 0.003662109375,
      "min": 0.003662109375,
      "p10": 0.003662109375,
      "median": 0.003662109375,
      "p75": 0.003662109375,
      "max": 0.003662109375,
      "count": 1
    },
    "stack_kb": {
      "sum": 0.671875,
      "avg": 0.671875,
      "min": 0.671875,
      "p10": 0.671875,
      "median": 0.671875,
      "p75": 0.671875,
      "max": 0.671875,
      "count": 1
    },
    "minor_heap_kb": {
      "sum": 8192.0,
      "avg": 8192.0,
      "min": 8192.0,
      "p10": 8192.0,
      "median": 8192.0,
      "p75": 8192.0,
      "max": 8192.0,
      "count": 1
    }
  }
}