{
  "time": {
    "rtime": {
      "sum": 0.504222285,
      "avg": 0.2521111425,
      "min": 0.12491466200000001,
      "p10": 0.2521111425,
      "median": 0.2521111425,
      "p75": 0.2521111425,
      "max": 0.37930762300000004,
      "count": 2
    },
    "utime": {
      "sum": 0.125112,
      "avg": 0.062556,
      "min": 0.04067199999999999,
      "p10": 0.062556,
      "median": 0.062556,
      "p75": 0.062556,
      "max": 0.08444,
      "count": 2
    },
    "stime": {
      "sum": 0.02012,
      "avg": 0.01006,
      "min": 0.006043,
      "p10": 0.01006,
      "median": 0.01006,
      "p75": 0.01006,
      "max": 0.014077000000000001,
      "count": 2
    },
    "cutime": {
      "sum": 0.026589,
      "avg": 0.0132945,
      "min": 0.0,
      "p10": 0.0132945,
      "median": 0.0132945,
      "p75": 0.0132945,
      "max": 0.026589,
      "count": 2
    },
    "cstime": {
      "sum": 0.013424,
      "avg": 0.006712,
      "min": 0.0,
      "p10": 0.006712,
      "median": 0.006712,
      "p75": 0.006712,
      "max": 0.013424,
      "count": 2
    }
  },
  "mem": {
    "minor_gb": {
      "sum": 0.06937247514724731,
      "avg": 0.06937247514724731,
      "min": 0.06937247514724731,
      "p10": 0.06937247514724731,
      "median": 0.06937247514724731,
      "p75": 0.06937247514724731,
      "max": 0.06937247514724731,
      "count": 1
    },
    "promoted_gb": {
      "sum": 0.0019281953573226929,
      "avg": 0.0019281953573226929,
      "min": 0.0019281953573226929,
      "p10": 0.0019281953573226929,
      "median": 0.0019281953573226929,
      "p75": 0.0019281953573226929,
      "max": 0.0019281953573226929,
      "count": 1
    },
    "major_gb": {
      "sum": 0.002408549189567566,
      "avg": 0.002408549189567566,
      "min": 0.002408549189567566,
      "p10": 0.002408549189567566,
      "median": 0.002408549189567566,
      "p75": 0.002408549189567566,
      "max": 0.002408549189567566,
      "count": 1
    },
    "allocated_gb": {
      "sum": 0.06985282897949219,
      "avg": 0.06985282897949219,
      "min": 0.06985282897949219,
      "p10": 0.06985282897949219,
      "median": 0.06985282897949219,
      "p75": 0.06985282897949219,
      "max": 0.06985282897949219,
      "count": 1
    },
    "minor_collections": {
      "sum": 12.0,
      "avg": 12.0,
      "min": 12.0,
      "p10": 12.0,
      "median": 12.0,
      "p75": 12.0,
      "max": 12.0,
      "count": 1
    },
    "major_collections": {
      "sum": 1.0,
      "avg": 1.0,
      "min": 1.0,
      "p10": 1.0,
      "median": 1.0,
      "p75": 1.0,
      "max": 1.0,
      "count": 1
    },
    "compactions": {
      "sum": 0.0,
      "avg": 0.0,
      "min": 0.0,
      "p10": 0.0,
      "median": 0.0,
      "p75": 0.0,
      "max": 0.0,
      "count": 1
    },
    "top_heap_gb": {
      "sum": 0.003662109375,
      "avg": 0.003662109375,
      "min": 0.003662109375,
      "p10": 0.003662109375,
      "median": 0.003662109375,
      "p75": 0.003662109375,
      "max": 0.003662109375,
      "count": 1
    },
    "stack_kb": {
      "sum": 0.671875,
      "avg": 0.671875,
      "min": 0.671875,
      "p10": 0.671875,
      "median": 0.671875,
      "p75": 0.671875,
      "max": 0.671875,
      "count": 1
    },
    "minor_heap_kb": {
      "sum": 8192.0,
      "avg": 8192.0,
      "min": 8192.0,
      "p10": 8192.0,
      "median": 8192.0,
      "p75": 8192.0,
      "max": 8192.0,
      "count": 1
    }
  }
}