{
  "time": {
    "rtime": 0.35432972500000004,
    "utime": 0.07275100000000001,
    "stime": 0.016965,
    "cutime": 0.036027,
    "cstime": 0.008329
  },
  "mem": {
    "minor_gb": 0.05215265601873398,
    "promoted_gb": 0.0018948018550872803,
    "major_gb": 0.0023736506700515747,
    "allocated_gb": 0.05263150483369827,
    "minor_collections": 10,
    "major_collections": 1,
    "compactions": 0,
    "top_heap_gb": 0.003662109375,
    "stack_kb": 0.671875,
    "minor_heap_kb": 8192.0
  }
}