{
  "time": {
    "rtime": 0.12491466200000001,
    "utime": 0.04067199999999999,
    "stime": 0.006043,
    "cutime": 0.0,
    "cstime": 0.0
  }
}