{
  "time": {
    "rtime": 0.10513206700000001,
    "utime": 0.03144400000000001,
    "stime": 0.0033760000000000005,
    "cutime": 0.0,
    "cstime": 0.0
  }
}