{
  "time": {
    "rtime": {
      "sum": 0.001812318,
      "avg": 0.001812318,
      "min": 0.001812318,
      "p10": 0.001812318,
      "median": 0.001812318,
      "p75": 0.001812318,
      "max": 0.001812318,
      "count": 1
    },
    "utime": {
      "sum": 0.00021799999999999597,
      "avg": 0.00021799999999999597,
      "min": 0.00021799999999999597,
      "p10": 0.00021799999999999597,
      "median": 0.00021799999999999597,
      "p75": 0.00021799999999999597,
      "max": 0.00021799999999999597,
      "count": 1
    },
    "stime": {
      "sum": 1.799999999999892e-05,
      "avg": 1.799999999999892e-05,
      "min": 1.799999999999892e-05,
      "p10": 1.799999999999892e-05,
      "median": 1.799999999999892e-05,
      "p75": 1.799999999999892e-05,
      "max": 1.799999999999892e-05,
      "count": 1
    },
    "cutime": {
      "sum": 0.0,
      "avg": 0.0,
      "min": 0.0,
      "p10": 0.0,
      "median": 0.0,
      "p75": 0.0,
      "max": 0.0,
      "count": 1
    },
    "cstime": {
      "sum": 0.0,
      "avg": 0.0,
      "min": 0.0,
      "p10": 0.0,
      "median": 0.0,
      "p75": 0.0,
      "max": 0.0,
      "count": 1
    }
  }
}