{
  "time": {
    "rtime": 0.001812318,
    "utime": 0.00021799999999999597,
    "stime": 1.799999999999892e-05,
    "cutime": 0.0,
    "cstime": 0.0
  }
}