{
  "time": {
    "rtime": 0.001508248,
    "utime": 0.00026799999999999047,
    "stime": 0.0,
    "cutime": 0.0,
    "cstime": 0.0
  }
}