{
  "time": {
    "rtime": 0.686397378,
    "utime": 0.083243,
    "stime": 0.013504000000000002,
    "cutime": 0.064348,
    "cstime": 0.027377
  },
  "mem": {
    "minor_gb": 0.05607149004936218,
    "promoted_gb": 0.0023515671491622925,
    "major_gb": 0.002859741449356079,
    "allocated_gb": 0.05657966434955597,
    "minor_collections": 12,
    "major_collections": 1,
    "compactions": 0,
    "top_heap_gb": 0.003662109375,
    "stack_kb": 0.53125,
    "minor_heap_kb": 8192.0
  }
}