{
  "time": {
    "rtime": 0.44222786700000005,
    "utime": 0.08680099999999999,
    "stime": 0.014883,
    "cutime": 0.06891899999999999,
    "cstime": 0.007696
  },
  "mem": {
    "minor_gb": 0.0560356006026268,
    "promoted_gb": 0.0023516714572906494,
    "major_gb": 0.002859845757484436,
    "allocated_gb": 0.05654377490282059,
    "minor_collections": 12,
    "major_collections": 1,
    "compactions": 0,
    "top_heap_gb": 0.003662109375,
    "stack_kb": 0.53125,
    "minor_heap_kb": 8192.0
  }
}