{
  "time": {
    "rtime": 0.431592344,
    "utime": 0.077042,
    "stime": 0.017145,
    "cutime": 0.057692,
    "cstime": 0.011939
  },
  "mem": {
    "minor_gb": 0.05327259749174118,
    "promoted_gb": 0.0018948018550872803,
    "major_gb": 0.002411969006061554,
    "allocated_gb": 0.053789764642715454,
    "minor_collections": 10,
    "major_collections": 1,
    "compactions": 0,
    "top_heap_gb": 0.003662109375,
    "stack_kb": 0.53125,
    "minor_heap_kb": 8192.0
  }
}