{
  "time": {
    "rtime": 0.431732212,
    "utime": 0.07715900000000001,
    "stime": 0.017168,
    "cutime": 0.057692,
    "cstime": 0.011939
  },
  "mem": {
    "minor_gb": 0.05334288626909256,
    "promoted_gb": 0.0018948018550872803,
    "major_gb": 0.002411969006061554,
    "allocated_gb": 0.053860053420066833,
    "minor_collections": 10,
    "major_collections": 1,
    "compactions": 0,
    "top_heap_gb": 0.003662109375,
    "stack_kb": 0.53125,
    "minor_heap_kb": 8192.0
  }
}