{
  "time": {
    "rtime": {
      "sum": 0.00044182900000000003,
      "avg": 0.00044182900000000003,
      "min": 0.00044182900000000003,
      "p10": 0.00044182900000000003,
      "median": 0.00044182900000000003,
      "p75": 0.00044182900000000003,
      "max": 0.00044182900000000003,
      "count": 1
    },
    "utime": {
      "sum": 0.0004190000000000582,
      "avg": 0.0004190000000000582,
      "min": 0.0004190000000000582,
      "p10": 0.0004190000000000582,
      "median": 0.0004190000000000582,
      "p75": 0.0004190000000000582,
      "max": 0.0004190000000000582,
      "count": 1
    },
    "stime": {
      "sum": 1.9000000000001654e-05,
      "avg": 1.9000000000001654e-05,
      "min": 1.9000000000001654e-05,
      "p10": 1.9000000000001654e-05,
      "median": 1.9000000000001654e-05,
      "p75": 1.9000000000001654e-05,
      "max": 1.9000000000001654e-05,
      "count": 1
    },
    "cutime": {
      "sum": 0.0,
      "avg": 0.0,
      "min": 0.0,
      "p10": 0.0,
      "median": 0.0,
      "p75": 0.0,
      "max": 0.0,
      "count": 1
    },
    "cstime": {
      "sum": 0.0,
      "avg": 0.0,
      "min": 0.0,
      "p10": 0.0,
      "median": 0.0,
      "p75": 0.0,
      "max": 0.0,
      "count": 1
    }
  }
}