{
  "time": {
    "rtime": {
      "sum": 0.000517892,
      "avg": 0.000517892,
      "min": 0.000517892,
      "p10": 0.000517892,
      "median": 0.000517892,
      "p75": 0.000517892,
      "max": 0.000517892,
      "count": 1
    },
    "utime": {
      "sum": 0.0005079999999999529,
      "avg": 0.0005079999999999529,
      "min": 0.0005079999999999529,
      "p10": 0.0005079999999999529,
      "median": 0.0005079999999999529,
      "p75": 0.0005079999999999529,
      "max": 0.0005079999999999529,
      "count": 1
    },
    "stime": {
      "sum": 0.0,
      "avg": 0.0,
      "min": 0.0,
      "p10": 0.0,
      "median": 0.0,
      "p75": 0.0,
      "max": 0.0,
      "count": 1
    },
    "cutime": {
      "sum": 0.0,
      "avg": 0.0,
      "min": 0.0,
      "p10": 0.0,
      "median": 0.0,
      "p75": 0.0,
      "max": 0.0,
      "count": 1
    },
    "cstime": {
      "sum": 0.0,
      "avg": 0.0,
      "min": 0.0,
      "p10": 0.0,
      "median": 0.0,
      "p75": 0.0,
      "max": 0.0,
      "count": 1
    }
  }
}