{
  "time": {
    "rtime": 0.00044182900000000003,
    "utime": 0.0004190000000000582,
    "stime": 1.9000000000001654e-05,
    "cutime": 0.0,
    "cstime": 0.0
  }
}