{
  "time": {
    "rtime": 0.000517892,
    "utime": 0.0005079999999999529,
    "stime": 0.0,
    "cutime": 0.0,
    "cstime": 0.0
  }
}