{
  "time": {
    "rtime": 0.361902139,
    "utime": 0.062498,
    "stime": 0.0036179999999999997,
    "cutime": 0.063475,
    "cstime": 0.004179
  },
  "mem": {
    "minor_gb": 0.026482924818992615,
    "promoted_gb": 0.001783326268196106,
    "major_gb": 0.0022364333271980286,
    "allocated_gb": 0.026936031877994537,
    "minor_collections": 7,
    "major_collections": 1,
    "compactions": 0,
    "top_heap_gb": 0.003662109375,
    "stack_kb": 0.53125,
    "minor_heap_kb": 8192.0
  }
}