{
  "time": {
    "rtime": {
      "sum": 0.601449261,
      "avg": 0.3007246305,
      "min": 0.059222951,
      "p10": 0.3007246305,
      "median": 0.3007246305,
      "p75": 0.3007246305,
      "max": 0.54222631,
      "count": 2
    },
    "utime": {
      "sum": 0.09161000000000001,
      "avg": 0.045805000000000005,
      "min": 0.025117,
      "p10": 0.045805000000000005,
      "median": 0.045805000000000005,
      "p75": 0.045805000000000005,
      "max": 0.06649300000000001,
      "count": 2
    },
    "stime": {
      "sum": 0.016947999999999998,
      "avg": 0.008473999999999999,
      "min": 0.0,
      "p10": 0.008473999999999999,
      "median": 0.008473999999999999,
      "p75": 0.008473999999999999,
      "max": 0.016947999999999998,
      "count": 2
    },
    "cutime": {
      "sum": 0.03775,
      "avg": 0.018875,
      "min": 0.0,
      "p10": 0.018875,
      "median": 0.018875,
      "p75": 0.018875,
      "max": 0.03775,
      "count": 2
    },
    "cstime": {
      "sum": 0.033089,
      "avg": 0.0165445,
      "min": 0.0,
      "p10": 0.0165445,
      "median": 0.0165445,
      "p75": 0.0165445,
      "max": 0.033089,
      "count": 2
    }
  },
  "mem": {
    "minor_gb": {
      "sum": 0.04171397536993027,
      "avg": 0.04171397536993027,
      "min": 0.04171397536993027,
      "p10": 0.04171397536993027,
      "median": 0.04171397536993027,
      "p75": 0.04171397536993027,
      "max": 0.04171397536993027,
      "count": 1
    },
    "promoted_gb": {
      "sum": 0.001886516809463501,
      "avg": 0.001886516809463501,
      "min": 0.001886516809463501,
      "p10": 0.001886516809463501,
      "median": 0.001886516809463501,
      "p75": 0.001886516809463501,
      "max": 0.001886516809463501,
      "count": 1
    },
    "major_gb": {
      "sum": 0.002345636487007141,
      "avg": 0.002345636487007141,
      "min": 0.002345636487007141,
      "p10": 0.002345636487007141,
      "median": 0.002345636487007141,
      "p75": 0.002345636487007141,
      "max": 0.002345636487007141,
      "count": 1
    },
    "allocated_gb": {
      "sum": 0.04217309504747391,
      "avg": 0.04217309504747391,
      "min": 0.04217309504747391,
      "p10": 0.04217309504747391,
      "median": 0.04217309504747391,
      "p75": 0.04217309504747391,
      "max": 0.04217309504747391,
      "count": 1
    },
    "minor_collections": {
      "sum": 9.0,
      "avg": 9.0,
      "min": 9.0,
      "p10": 9.0,
      "median": 9.0,
      "p75": 9.0,
      "max": 9.0,
      "count": 1
    },
    "major_collections": {
      "sum": 1.0,
      "avg": 1.0,
      "min": 1.0,
      "p10": 1.0,
      "median": 1.0,
      "p75": 1.0,
      "max": 1.0,
      "count": 1
    },
    "compactions": {
      "sum": 0.0,
      "avg": 0.0,
      "min": 0.0,
      "p10": 0.0,
      "median": 0.0,
      "p75": 0.0,
      "max": 0.0,
      "count": 1
    },
    "top_heap_gb": {
      "sum": 0.003662109375,
      "avg": 0.003662109375,
      "min": 0.003662109375,
      "p10": 0.003662109375,
      "median": 0.003662109375,
      "p75": 0.003662109375,
      "max": 0.003662109375,
      "count": 1
    },
    "stack_kb": {
      "sum": 0.671875,
      "avg": 0.671875,
      "min": 0.671875,
      "p10": 0.671875,
      "median": 0.671875,
      "p75": 0.671875,
      "max": 0.671875,
      "count": 1
    },
    "minor_heap_kb": {
      "sum": 8192.0,
      "avg": 8192.0,
      "min": 8192.0,
      "p10": 8192.0,
      "median": 8192.0,
      "p75": 8192.0,
      "max": 8192.0,
      "count": 1
    }
  }
}