{
  "time": {
    "rtime": 0.059222951,
    "utime": 0.025117,
    "stime": 0.0,
    "cutime": 0.0,
    "cstime": 0.0
  }
}