{
  "time": {
    "rtime": 0.54222631,
    "utime": 0.06649300000000001,
    "stime": 0.016947999999999998,
    "cutime": 0.03775,
    "cstime": 0.033089
  },
  "mem": {
    "minor_gb": 0.04171397536993027,
    "promoted_gb": 0.001886516809463501,
    "major_gb": 0.002345636487007141,
    "allocated_gb": 0.04217309504747391,
    "minor_collections": 9,
    "major_collections": 1,
    "compactions": 0,
    "top_heap_gb": 0.003662109375,
    "stack_kb": 0.671875,
    "minor_heap_kb": 8192.0
  }
}