{
  "time": {
    "rtime": {
      "sum": 0.00015204200000000002,
      "avg": 0.00015204200000000002,
      "min": 0.00015204200000000002,
      "p10": 0.00015204200000000002,
      "median": 0.00015204200000000002,
      "p75": 0.00015204200000000002,
      "max": 0.00015204200000000002,
      "count": 1
    },
    "utime": {
      "sum": 8.69999999999968e-05,
      "avg": 8.69999999999968e-05,
      "min": 8.69999999999968e-05,
      "p10": 8.69999999999968e-05,
      "median": 8.69999999999968e-05,
      "p75": 8.69999999999968e-05,
      "max": 8.69999999999968e-05,
      "count": 1
    },
    "stime": {
      "sum": 6.499999999999909e-05,
      "avg": 6.499999999999909e-05,
      "min": 6.499999999999909e-05,
      "p10": 6.499999999999909e-05,
      "median": 6.499999999999909e-05,
      "p75": 6.499999999999909e-05,
      "max": 6.499999999999909e-05,
      "count": 1
    },
    "cutime": {
      "sum": 0.0,
      "avg": 0.0,
      "min": 0.0,
      "p10": 0.0,
      "median": 0.0,
      "p75": 0.0,
      "max": 0.0,
      "count": 1
    },
    "cstime": {
      "sum": 0.0,
      "avg": 0.0,
      "min": 0.0,
      "p10": 0.0,
      "median": 0.0,
      "p75": 0.0,
      "max": 0.0,
      "count": 1
    }
  }
}