{
  "time": {
    "rtime": 0.00015204200000000002,
    "utime": 8.69999999999968e-05,
    "stime": 6.499999999999909e-05,
    "cutime": 0.0,
    "cstime": 0.0
  }
}