{
  "time": {
    "rtime": {
      "sum": 1.246713533,
      "avg": 0.6233567665,
      "min": 0.299928821,
      "p10": 0.6233567665,
      "median": 0.6233567665,
      "p75": 0.6233567665,
      "max": 0.946784712,
      "count": 2
    },
    "utime": {
      "sum": 0.23431000000000002,
      "avg": 0.11715500000000001,
      "min": 0.07045799999999999,
      "p10": 0.11715500000000001,
      "median": 0.11715500000000001,
      "p75": 0.11715500000000001,
      "max": 0.16385200000000003,
      "count": 2
    },
    "stime": {
      "sum": 0.018160000000000003,
      "avg": 0.009080000000000001,
      "min": 0.008616,
      "p10": 0.009080000000000001,
      "median": 0.009080000000000001,
      "p75": 0.009080000000000001,
      "max": 0.009544,
      "count": 2
    },
    "cutime": {
      "sum": 0.03822,
      "avg": 0.01911,
      "min": 0.0,
      "p10": 0.01911,
      "median": 0.01911,
      "p75": 0.01911,
      "max": 0.03822,
      "count": 2
    },
    "cstime": {
      "sum": 0.052399,
      "avg": 0.0261995,
      "min": 0.0,
      "p10": 0.0261995,
      "median": 0.0261995,
      "p75": 0.0261995,
      "max": 0.052399,
      "count": 2
    }
  },
  "mem": {
    "minor_gb": {
      "sum": 0.08990490436553955,
      "avg": 0.08990490436553955,
      "min": 0.08990490436553955,
      "p10": 0.08990490436553955,
      "median": 0.08990490436553955,
      "p75": 0.08990490436553955,
      "max": 0.08990490436553955,
      "count": 1
    },
    "promoted_gb": {
      "sum": 0.0029062405228614807,
      "avg": 0.0029062405228614807,
      "min": 0.0029062405228614807,
      "p10": 0.0029062405228614807,
      "median": 0.0029062405228614807,
      "p75": 0.0029062405228614807,
      "max": 0.0029062405228614807,
      "count": 1
    },
    "major_gb": {
      "sum": 0.0033834725618362427,
      "avg": 0.0033834725618362427,
      "min": 0.0033834725618362427,
      "p10": 0.0033834725618362427,
      "median": 0.0033834725618362427,
      "p75": 0.0033834725618362427,
      "max": 0.0033834725618362427,
      "count": 1
    },
    "allocated_gb": {
      "sum": 0.09038213640451431,
      "avg": 0.09038213640451431,
      "min": 0.09038213640451431,
      "p10": 0.09038213640451431,
      "median": 0.09038213640451431,
      "p75": 0.09038213640451431,
      "max": 0.09038213640451431,
      "count": 1
    },
    "minor_collections": {
      "sum": 16.0,
      "avg": 16.0,
      "min": 16.0,
      "p10": 16.0,
      "median": 16.0,
      "p75": 16.0,
      "max": 16.0,
      "count": 1
    },
    "major_collections": {
      "sum": 1.0,
      "avg": 1.0,
      "min": 1.0,
      "p10": 1.0,
      "median": 1.0,
      "p75": 1.0,
      "max": 1.0,
      "count": 1
    },
    "compactions": {
      "sum": 0.0,
      "avg": 0.0,
      "min": 0.0,
      "p10": 0.0,
      "median": 0.0,
      "p75": 0.0,
      "max": 0.0,
      "count": 1
    },
    "top_heap_gb": {
      "sum": 0.003662109375,
      "avg": 0.003662109375,
      "min": 0.003662109375,
      "p10": 0.003662109375,
      "median": 0.003662109375,
      "p75": 0.003662109375,
      "max": 0.003662109375,
      "count": 1
    },
    "stack_kb": {
      "sum": 0.671875,
      "avg": 0.671875,
      "min": 0.671875,
      "p10": 0.671875,
      "median": 0.671875,
      "p75": 0.671875,
      "max": 0.671875,
      "count": 1
    },
    "minor_heap_kb": {
      "sum": 8192.0,
      "avg": 8192.0,
      "min": 8192.0,
      "p10": 8192.0,
      "median": 8192.0,
      "p75": 8192.0,
      "max": 8192.0,
      "count": 1
    }
  }
}