{
  "time": {
    "rtime": {
      "sum": 0.8820399290000001,
      "avg": 0.44101996450000003,
      "min": 0.131234595,
      "p10": 0.44101996450000003,
      "median": 0.44101996450000003,
      "p75": 0.44101996450000003,
      "max": 0.750805334,
      "count": 2
    },
    "utime": {
      "sum": 0.19686399999999998,
      "avg": 0.09843199999999999,
      "min": 0.042931999999999984,
      "p10": 0.09843199999999999,
      "median": 0.09843199999999999,
      "p75": 0.09843199999999999,
      "max": 0.15393199999999999,
      "count": 2
    },
    "stime": {
      "sum": 0.014634,
      "avg": 0.007317,
      "min": 0.0,
      "p10": 0.007317,
      "median": 0.007317,
      "p75": 0.007317,
      "max": 0.014634,
      "count": 2
    },
    "cutime": {
      "sum": 0.072131,
      "avg": 0.0360655,
      "min": 0.0,
      "p10": 0.0360655,
      "median": 0.0360655,
      "p75": 0.0360655,
      "max": 0.072131,
      "count": 2
    },
    "cstime": {
      "sum": 0.0192,
      "avg": 0.009599999999999999,
      "min": 0.0,
      "p10": 0.009599999999999999,
      "median": 0.009599999999999999,
      "p75": 0.009599999999999999,
      "max": 0.0192,
      "count": 2
    }
  },
  "mem": {
    "minor_gb": {
      "sum": 0.05684303492307663,
      "avg": 0.05684303492307663,
      "min": 0.05684303492307663,
      "p10": 0.05684303492307663,
      "median": 0.05684303492307663,
      "p75": 0.05684303492307663,
      "max": 0.05684303492307663,
      "count": 1
    },
    "promoted_gb": {
      "sum": 0.002332150936126709,
      "avg": 0.002332150936126709,
      "min": 0.002332150936126709,
      "p10": 0.002332150936126709,
      "median": 0.002332150936126709,
      "p75": 0.002332150936126709,
      "max": 0.002332150936126709,
      "count": 1
    },
    "major_gb": {
      "sum": 0.002809382975101471,
      "avg": 0.002809382975101471,
      "min": 0.002809382975101471,
      "p10": 0.002809382975101471,
      "median": 0.002809382975101471,
      "p75": 0.002809382975101471,
      "max": 0.002809382975101471,
      "count": 1
    },
    "allocated_gb": {
      "sum": 0.05732026696205139,
      "avg": 0.05732026696205139,
      "min": 0.05732026696205139,
      "p10": 0.05732026696205139,
      "median": 0.05732026696205139,
      "p75": 0.05732026696205139,
      "max": 0.05732026696205139,
      "count": 1
    },
    "minor_collections": {
      "sum": 12.0,
      "avg": 12.0,
      "min": 12.0,
      "p10": 12.0,
      "median": 12.0,
      "p75": 12.0,
      "max": 12.0,
      "count": 1
    },
    "major_collections": {
      "sum": 1.0,
      "avg": 1.0,
      "min": 1.0,
      "p10": 1.0,
      "median": 1.0,
      "p75": 1.0,
      "max": 1.0,
      "count": 1
    },
    "compactions": {
      "sum": 0.0,
      "avg": 0.0,
      "min": 0.0,
      "p10": 0.0,
      "median": 0.0,
      "p75": 0.0,
      "max": 0.0,
      "count": 1
    },
    "top_heap_gb": {
      "sum": 0.003662109375,
      "avg": 0.003662109375,
      "min": 0.003662109375,
      "p10": 0.003662109375,
      "median": 0.003662109375,
      "p75": 0.003662109375,
      "max": 0.003662109375,
      "count": 1
    },
    "stack_kb": {
      "sum": 0.671875,
      "avg": 0.671875,
      "min": 0.671875,
      "p10": 0.671875,
      "median": 0.671875,
      "p75": 0.671875,
      "max": 0.671875,
      "count": 1
    },
    "minor_heap_kb": {
      "sum": 8192.0,
      "avg": 8192.0,
      "min": 8192.0,
      "p10": 8192.0,
      "median": 8192.0,
      "p75": 8192.0,
      "max": 8192.0,
      "count": 1
    }
  }
}