{
  "time": {
    "rtime": 0.131234595,
    "utime": 0.042931999999999984,
    "stime": 0.0,
    "cutime": 0.0,
    "cstime": 0.0
  }
}