{
  "time": {
    "rtime": 0.299928821,
    "utime": 0.07045799999999999,
    "stime": 0.008616,
    "cutime": 0.0,
    "cstime": 0.0
  }
}