{
  "time": {
    "rtime": 0.946784712,
    "utime": 0.16385200000000003,
    "stime": 0.009544,
    "cutime": 0.03822,
    "cstime": 0.052399
  },
  "mem": {
    "minor_gb": 0.08990490436553955,
    "promoted_gb": 0.0029062405228614807,
    "major_gb": 0.0033834725618362427,
    "allocated_gb": 0.09038213640451431,
    "minor_collections": 16,
    "major_collections": 1,
    "compactions": 0,
    "top_heap_gb": 0.003662109375,
    "stack_kb": 0.671875,
    "minor_heap_kb": 8192.0
  }
}