{
  "time": {
    "rtime": 0.750805334,
    "utime": 0.15393199999999999,
    "stime": 0.014634,
    "cutime": 0.072131,
    "cstime": 0.0192
  },
  "mem": {
    "minor_gb": 0.05684303492307663,
    "promoted_gb": 0.002332150936126709,
    "major_gb": 0.002809382975101471,
    "allocated_gb": 0.05732026696205139,
    "minor_collections": 12,
    "major_collections": 1,
    "compactions": 0,
    "top_heap_gb": 0.003662109375,
    "stack_kb": 0.671875,
    "minor_heap_kb": 8192.0
  }
}