{
  "time": {
    "rtime": {
      "sum": 0.29914529800000006,
      "avg": 0.14957264900000003,
      "min": 0.024025265,
      "p10": 0.14957264900000003,
      "median": 0.14957264900000003,
      "p75": 0.14957264900000003,
      "max": 0.27512003300000004,
      "count": 2
    },
    "utime": {
      "sum": 0.065474,
      "avg": 0.032737,
      "min": 0.006494999999999994,
      "p10": 0.032737,
      "median": 0.032737,
      "p75": 0.032737,
      "max": 0.058979000000000004,
      "count": 2
    },
    "stime": {
      "sum": 0.0064990000000000004,
      "avg": 0.0032495000000000002,
      "min": 0.0032040000000000003,
      "p10": 0.0032495000000000002,
      "median": 0.0032495000000000002,
      "p75": 0.0032495000000000002,
      "max": 0.003295,
      "count": 2
    },
    "cutime": {
      "sum": 0.037081,
      "avg": 0.0185405,
      "min": 0.0,
      "p10": 0.0185405,
      "median": 0.0185405,
      "p75": 0.0185405,
      "max": 0.037081,
      "count": 2
    },
    "cstime": {
      "sum": 0.004179,
      "avg": 0.0020895,
      "min": 0.0,
      "p10": 0.0020895,
      "median": 0.0020895,
      "p75": 0.0020895,
      "max": 0.004179,
      "count": 2
    }
  },
  "mem": {
    "minor_gb": {
      "sum": 0.025481976568698883,
      "avg": 0.025481976568698883,
      "min": 0.025481976568698883,
      "p10": 0.025481976568698883,
      "median": 0.025481976568698883,
      "p75": 0.025481976568698883,
      "max": 0.025481976568698883,
      "count": 1
    },
    "promoted_gb": {
      "sum": 0.0017631277441978455,
      "avg": 0.0017631277441978455,
      "min": 0.0017631277441978455,
      "p10": 0.0017631277441978455,
      "median": 0.0017631277441978455,
      "p75": 0.0017631277441978455,
      "max": 0.0017631277441978455,
      "count": 1
    },
    "major_gb": {
      "sum": 0.002189628779888153,
      "avg": 0.002189628779888153,
      "min": 0.002189628779888153,
      "p10": 0.002189628779888153,
      "median": 0.002189628779888153,
      "p75": 0.002189628779888153,
      "max": 0.002189628779888153,
      "count": 1
    },
    "allocated_gb": {
      "sum": 0.02590847760438919,
      "avg": 0.02590847760438919,
      "min": 0.02590847760438919,
      "p10": 0.02590847760438919,
      "median": 0.02590847760438919,
      "p75": 0.02590847760438919,
      "max": 0.02590847760438919,
      "count": 1
    },
    "minor_collections": {
      "sum": 6.0,
      "avg": 6.0,
      "min": 6.0,
      "p10": 6.0,
      "median": 6.0,
      "p75": 6.0,
      "max": 6.0,
      "count": 1
    },
    "major_collections": {
      "sum": 1.0,
      "avg": 1.0,
      "min": 1.0,
      "p10": 1.0,
      "median": 1.0,
      "p75": 1.0,
      "max": 1.0,
      "count": 1
    },
    "compactions": {
      "sum": 0.0,
      "avg": 0.0,
      "min": 0.0,
      "p10": 0.0,
      "median": 0.0,
      "p75": 0.0,
      "max": 0.0,
      "count": 1
    },
    "top_heap_gb": {
      "sum": 0.003662109375,
      "avg": 0.003662109375,
      "min": 0.003662109375,
      "p10": 0.003662109375,
      "median": 0.003662109375,
      "p75": 0.003662109375,
      "max": 0.003662109375,
      "count": 1
    },
    "stack_kb": {
      "sum": 0.671875,
      "avg": 0.671875,
      "min": 0.671875,
      "p10": 0.671875,
      "median": 0.671875,
      "p75": 0.671875,
      "max": 0.671875,
      "count": 1
    },
    "minor_heap_kb": {
      "sum": 8192.0,
      "avg": 8192.0,
      "min": 8192.0,
      "p10": 8192.0,
      "median": 8192.0,
      "p75": 8192.0,
      "max": 8192.0,
      "count": 1
    }
  }
}