{
  "time": {
    "rtime": 0.27512003300000004,
    "utime": 0.058979000000000004,
    "stime": 0.0032040000000000003,
    "cutime": 0.037081,
    "cstime": 0.004179
  },
  "mem": {
    "minor_gb": 0.025481976568698883,
    "promoted_gb": 0.0017631277441978455,
    "major_gb": 0.002189628779888153,
    "allocated_gb": 0.02590847760438919,
    "minor_collections": 6,
    "major_collections": 1,
    "compactions": 0,
    "top_heap_gb": 0.003662109375,
    "stack_kb": 0.671875,
    "minor_heap_kb": 8192.0
  }
}