{
  "time": {
    "rtime": 0.024025265,
    "utime": 0.006494999999999994,
    "stime": 0.003295,
    "cutime": 0.0,
    "cstime": 0.0
  }
}