{
  "time": {
    "rtime": 0.022367004000000003,
    "utime": 0.009528000000000002,
    "stime": 0.0008519999999999986,
    "cutime": 0.0,
    "cstime": 0.0
  }
}