{
  "time": {
    "rtime": {
      "sum": 0.00019488300000000002,
      "avg": 0.00019488300000000002,
      "min": 0.00019488300000000002,
      "p10": 0.00019488300000000002,
      "median": 0.00019488300000000002,
      "p75": 0.00019488300000000002,
      "max": 0.00019488300000000002,
      "count": 1
    },
    "utime": {
      "sum": 0.00017100000000000448,
      "avg": 0.00017100000000000448,
      "min": 0.00017100000000000448,
      "p10": 0.00017100000000000448,
      "median": 0.00017100000000000448,
      "p75": 0.00017100000000000448,
      "max": 0.00017100000000000448,
      "count": 1
    },
    "stime": {
      "sum": 2.0000000000000052e-05,
      "avg": 2.0000000000000052e-05,
      "min": 2.0000000000000052e-05,
      "p10": 2.0000000000000052e-05,
      "median": 2.0000000000000052e-05,
      "p75": 2.0000000000000052e-05,
      "max": 2.0000000000000052e-05,
      "count": 1
    },
    "cutime": {
      "sum": 0.0,
      "avg": 0.0,
      "min": 0.0,
      "p10": 0.0,
      "median": 0.0,
      "p75": 0.0,
      "max": 0.0,
      "count": 1
    },
    "cstime": {
      "sum": 0.0,
      "avg": 0.0,
      "min": 0.0,
      "p10": 0.0,
      "median": 0.0,
      "p75": 0.0,
      "max": 0.0,
      "count": 1
    }
  }
}