{
  "time": {
    "rtime": 0.00019488300000000002,
    "utime": 0.00017100000000000448,
    "stime": 2.0000000000000052e-05,
    "cutime": 0.0,
    "cstime": 0.0
  }
}