{
  "time": {
    "rtime": 0.003366941,
    "utime": 0.0,
    "stime": 0.00027399999999999994,
    "cutime": 0.0,
    "cstime": 0.0
  }
}