{
  "time": {
    "rtime": {
      "sum": 0.26725358200000005,
      "avg": 0.13362679100000002,
      "min": 0.022367004000000003,
      "p10": 0.13362679100000002,
      "median": 0.13362679100000002,
      "p75": 0.13362679100000002,
      "max": 0.24488657800000002,
      "count": 2
    },
    "utime": {
      "sum": 0.06897500000000001,
      "avg": 0.034487500000000004,
      "min": 0.009528000000000002,
      "p10": 0.034487500000000004,
      "median": 0.034487500000000004,
      "p75": 0.034487500000000004,
      "max": 0.059447,
      "count": 2
    },
    "stime": {
      "sum": 0.004547999999999999,
      "avg": 0.0022739999999999995,
      "min": 0.0008519999999999986,
      "p10": 0.0022739999999999995,
      "median": 0.0022739999999999995,
      "p75": 0.0022739999999999995,
      "max": 0.0036960000000000005,
      "count": 2
    },
    "cutime": {
      "sum": 0.030819,
      "avg": 0.0154095,
      "min": 0.0,
      "p10": 0.0154095,
      "median": 0.0154095,
      "p75": 0.0154095,
      "max": 0.030819,
      "count": 2
    },
    "cstime": {
      "sum": 0.0117,
      "avg": 0.00585,
      "min": 0.0,
      "p10": 0.00585,
      "median": 0.00585,
      "p75": 0.00585,
      "max": 0.0117,
      "count": 2
    }
  },
  "mem": {
    "minor_gb": {
      "sum": 0.02547820657491684,
      "avg": 0.02547820657491684,
      "min": 0.02547820657491684,
      "p10": 0.02547820657491684,
      "median": 0.02547820657491684,
      "p75": 0.02547820657491684,
      "max": 0.02547820657491684,
      "count": 1
    },
    "promoted_gb": {
      "sum": 0.001763179898262024,
      "avg": 0.001763179898262024,
      "min": 0.001763179898262024,
      "p10": 0.001763179898262024,
      "median": 0.001763179898262024,
      "p75": 0.001763179898262024,
      "max": 0.001763179898262024,
      "count": 1
    },
    "major_gb": {
      "sum": 0.0021896809339523315,
      "avg": 0.0021896809339523315,
      "min": 0.0021896809339523315,
      "p10": 0.0021896809339523315,
      "median": 0.0021896809339523315,
      "p75": 0.0021896809339523315,
      "max": 0.0021896809339523315,
      "count": 1
    },
    "allocated_gb": {
      "sum": 0.025904707610607147,
      "avg": 0.025904707610607147,
      "min": 0.025904707610607147,
      "p10": 0.025904707610607147,
      "median": 0.025904707610607147,
      "p75": 0.025904707610607147,
      "max": 0.025904707610607147,
      "count": 1
    },
    "minor_collections": {
      "sum": 6.0,
      "avg": 6.0,
      "min": 6.0,
      "p10": 6.0,
      "median": 6.0,
      "p75": 6.0,
      "max": 6.0,
      "count": 1
    },
    "major_collections": {
      "sum": 1.0,
      "avg": 1.0,
      "min": 1.0,
      "p10": 1.0,
      "median": 1.0,
      "p75": 1.0,
      "max": 1.0,
      "count": 1
    },
    "compactions": {
      "sum": 0.0,
      "avg": 0.0,
      "min": 0.0,
      "p10": 0.0,
      "median": 0.0,
      "p75": 0.0,
      "max": 0.0,
      "count": 1
    },
    "top_heap_gb": {
      "sum": 0.003662109375,
      "avg": 0.003662109375,
      "min": 0.003662109375,
      "p10": 0.003662109375,
      "median": 0.003662109375,
      "p75": 0.003662109375,
      "max": 0.003662109375,
      "count": 1
    },
    "stack_kb": {
      "sum": 0.671875,
      "avg": 0.671875,
      "min": 0.671875,
      "p10": 0.671875,
      "median": 0.671875,
      "p75": 0.671875,
      "max": 0.671875,
      "count": 1
    },
    "minor_heap_kb": {
      "sum": 8192.0,
      "avg": 8192.0,
      "min": 8192.0,
      "p10": 8192.0,
      "median": 8192.0,
      "p75": 8192.0,
      "max": 8192.0,
      "count": 1
    }
  }
}