{
  "time": {
    "rtime": 0.884209447,
    "utime": 0.159144,
    "stime": 0.014634,
    "cutime": 0.105938,
    "cstime": 0.025962
  },
  "mem": {
    "minor_gb": 0.05796966701745987,
    "promoted_gb": 0.002332150936126709,
    "major_gb": 0.0028465762734413147,
    "allocated_gb": 0.058484092354774475,
    "minor_collections": 12,
    "major_collections": 1,
    "compactions": 0,
    "top_heap_gb": 0.003662109375,
    "stack_kb": 0.53125,
    "minor_heap_kb": 8192.0
  }
}