{
  "time": {
    "rtime": 1.0991905800000001,
    "utime": 0.168019,
    "stime": 0.009891,
    "cutime": 0.070844,
    "cstime": 0.060555
  },
  "mem": {
    "minor_gb": 0.09103870391845703,
    "promoted_gb": 0.0029062405228614807,
    "major_gb": 0.003422774374485016,
    "allocated_gb": 0.09155523777008057,
    "minor_collections": 16,
    "major_collections": 1,
    "compactions": 0,
    "top_heap_gb": 0.003662109375,
    "stack_kb": 0.53125,
    "minor_heap_kb": 8192.0
  }
}