{
  "time": {
    "rtime": {
      "sum": 0.000246481,
      "avg": 0.000246481,
      "min": 0.000246481,
      "p10": 0.000246481,
      "median": 0.000246481,
      "p75": 0.000246481,
      "max": 0.000246481,
      "count": 1
    },
    "utime": {
      "sum": 0.00020799999999999985,
      "avg": 0.00020799999999999985,
      "min": 0.00020799999999999985,
      "p10": 0.00020799999999999985,
      "median": 0.00020799999999999985,
      "p75": 0.00020799999999999985,
      "max": 0.00020799999999999985,
      "count": 1
    },
    "stime": {
      "sum": 3.300000000000004e-05,
      "avg": 3.300000000000004e-05,
      "min": 3.300000000000004e-05,
      "p10": 3.300000000000004e-05,
      "median": 3.300000000000004e-05,
      "p75": 3.300000000000004e-05,
      "max": 3.300000000000004e-05,
      "count": 1
    },
    "cutime": {
      "sum": 0.0,
      "avg": 0.0,
      "min": 0.0,
      "p10": 0.0,
      "median": 0.0,
      "p75": 0.0,
      "max": 0.0,
      "count": 1
    },
    "cstime": {
      "sum": 0.0,
      "avg": 0.0,
      "min": 0.0,
      "p10": 0.0,
      "median": 0.0,
      "p75": 0.0,
      "max": 0.0,
      "count": 1
    }
  }
}