{
  "time": {
    "rtime": 0.000246481,
    "utime": 0.00020799999999999985,
    "stime": 3.300000000000004e-05,
    "cutime": 0.0,
    "cstime": 0.0
  }
}