{
  "time": {
    "rtime": 0.000205317,
    "utime": 0.00020099999999999285,
    "stime": 0.0,
    "cutime": 0.0,
    "cstime": 0.0
  }
}