{
  "time": {
    "rtime": 0.8405784040000001,
    "utime": 0.090924,
    "stime": 0.031751999999999996,
    "cutime": 0.036016,
    "cstime": 0.117003
  },
  "mem": {
    "minor_gb": 0.09640273451805115,
    "promoted_gb": 0.005872070789337158,
    "major_gb": 0.0064404308795928955,
    "allocated_gb": 0.09697109460830688,
    "minor_collections": 17,
    "major_collections": 1,
    "compactions": 0,
    "top_heap_gb": 0.00737762451171875,
    "stack_kb": 0.53125,
    "minor_heap_kb": 8192.0
  }
}