{
  "time": {
    "rtime": {
      "sum": 0.663271752,
      "avg": 0.331635876,
      "min": 0.10429566100000001,
      "p10": 0.331635876,
      "median": 0.331635876,
      "p75": 0.331635876,
      "max": 0.558976091,
      "count": 2
    },
    "utime": {
      "sum": 0.106116,
      "avg": 0.053058,
      "min": 0.026646000000000003,
      "p10": 0.053058,
      "median": 0.053058,
      "p75": 0.053058,
      "max": 0.07947,
      "count": 2
    },
    "stime": {
      "sum": 0.013504000000000002,
      "avg": 0.006752000000000001,
      "min": 0.0,
      "p10": 0.006752000000000001,
      "median": 0.006752000000000001,
      "p75": 0.006752000000000001,
      "max": 0.013504000000000002,
      "count": 2
    },
    "cutime": {
      "sum": 0.044266,
      "avg": 0.022133,
      "min": 0.0,
      "p10": 0.022133,
      "median": 0.022133,
      "p75": 0.022133,
      "max": 0.044266,
      "count": 2
    },
    "cstime": {
      "sum": 0.020683,
      "avg": 0.0103415,
      "min": 0.0,
      "p10": 0.0103415,
      "median": 0.0103415,
      "p75": 0.0103415,
      "max": 0.020683,
      "count": 2
    }
  },
  "mem": {
    "minor_gb": {
      "sum": 0.054946623742580414,
      "avg": 0.054946623742580414,
      "min": 0.054946623742580414,
      "p10": 0.054946623742580414,
      "median": 0.054946623742580414,
      "p75": 0.054946623742580414,
      "max": 0.054946623742580414,
      "count": 1
    },
    "promoted_gb": {
      "sum": 0.0023403987288475037,
      "avg": 0.0023403987288475037,
      "min": 0.0023403987288475037,
      "p10": 0.0023403987288475037,
      "median": 0.0023403987288475037,
      "p75": 0.0023403987288475037,
      "max": 0.0023403987288475037,
      "count": 1
    },
    "major_gb": {
      "sum": 0.0028121918439865112,
      "avg": 0.0028121918439865112,
      "min": 0.0028121918439865112,
      "p10": 0.0028121918439865112,
      "median": 0.0028121918439865112,
      "p75": 0.0028121918439865112,
      "max": 0.0028121918439865112,
      "count": 1
    },
    "allocated_gb": {
      "sum": 0.05541841685771942,
      "avg": 0.05541841685771942,
      "min": 0.05541841685771942,
      "p10": 0.05541841685771942,
      "median": 0.05541841685771942,
      "p75": 0.05541841685771942,
      "max": 0.05541841685771942,
      "count": 1
    },
    "minor_collections": {
      "sum": 11.0,
      "avg": 11.0,
      "min": 11.0,
      "p10": 11.0,
      "median": 11.0,
      "p75": 11.0,
      "max": 11.0,
      "count": 1
    },
    "major_collections": {
      "sum": 1.0,
      "avg": 1.0,
      "min": 1.0,
      "p10": 1.0,
      "median": 1.0,
      "p75": 1.0,
      "max": 1.0,
      "count": 1
    },
    "compactions": {
      "sum": 0.0,
      "avg": 0.0,
      "min": 0.0,
      "p10": 0.0,
      "median": 0.0,
      "p75": 0.0,
      "max": 0.0,
      "count": 1
    },
    "top_heap_gb": {
      "sum": 0.003662109375,
      "avg": 0.003662109375,
      "min": 0.003662109375,
      "p10": 0.003662109375,
      "median": 0.003662109375,
      "p75": 0.003662109375,
      "max": 0.003662109375,
      "count": 1
    },
    "stack_kb": {
      "sum": 0.671875,
      "avg": 0.671875,
      "min": 0.671875,
      "p10": 0.671875,
      "median": 0.671875,
      "p75": 0.671875,
      "max": 0.671875,
      "count": 1
    },
    "minor_heap_kb": {
      "sum": 8192.0,
      "avg": 8192.0,
      "min": 8192.0,
      "p10": 8192.0,
      "median": 8192.0,
      "p75": 8192.0,
      "max": 8192.0,
      "count": 1
    }
  }
}