{
  "time": {
    "rtime": {
      "sum": 0.412768362,
      "avg": 0.206384181,
      "min": 0.06491200900000001,
      "p10": 0.206384181,
      "median": 0.206384181,
      "p75": 0.206384181,
      "max": 0.347856353,
      "count": 2
    },
    "utime": {
      "sum": 0.10023599999999999,
      "avg": 0.050117999999999996,
      "min": 0.017057000000000003,
      "p10": 0.050117999999999996,
      "median": 0.050117999999999996,
      "p75": 0.050117999999999996,
      "max": 0.08317899999999999,
      "count": 2
    },
    "stime": {
      "sum": 0.024888,
      "avg": 0.012444,
      "min": 0.010584,
      "p10": 0.012444,
      "median": 0.012444,
      "p75": 0.012444,
      "max": 0.014304,
      "count": 2
    },
    "cutime": {
      "sum": 0.04225,
      "avg": 0.021125,
      "min": 0.0,
      "p10": 0.021125,
      "median": 0.021125,
      "p75": 0.021125,
      "max": 0.04225,
      "count": 2
    },
    "cstime": {
      "sum": 0.007696,
      "avg": 0.003848,
      "min": 0.0,
      "p10": 0.003848,
      "median": 0.003848,
      "p75": 0.003848,
      "max": 0.007696,
      "count": 2
    }
  },
  "mem": {
    "minor_gb": {
      "sum": 0.05491296201944351,
      "avg": 0.05491296201944351,
      "min": 0.05491296201944351,
      "p10": 0.05491296201944351,
      "median": 0.05491296201944351,
      "p75": 0.05491296201944351,
      "max": 0.05491296201944351,
      "count": 1
    },
    "promoted_gb": {
      "sum": 0.0023403987288475037,
      "avg": 0.0023403987288475037,
      "min": 0.0023403987288475037,
      "p10": 0.0023403987288475037,
      "median": 0.0023403987288475037,
      "p75": 0.0023403987288475037,
      "max": 0.0023403987288475037,
      "count": 1
    },
    "major_gb": {
      "sum": 0.0028121918439865112,
      "avg": 0.0028121918439865112,
      "min": 0.0028121918439865112,
      "p10": 0.0028121918439865112,
      "median": 0.0028121918439865112,
      "p75": 0.0028121918439865112,
      "max": 0.0028121918439865112,
      "count": 1
    },
    "allocated_gb": {
      "sum": 0.05538475513458252,
      "avg": 0.05538475513458252,
      "min": 0.05538475513458252,
      "p10": 0.05538475513458252,
      "median": 0.05538475513458252,
      "p75": 0.05538475513458252,
      "max": 0.05538475513458252,
      "count": 1
    },
    "minor_collections": {
      "sum": 11.0,
      "avg": 11.0,
      "min": 11.0,
      "p10": 11.0,
      "median": 11.0,
      "p75": 11.0,
      "max": 11.0,
      "count": 1
    },
    "major_collections": {
      "sum": 1.0,
      "avg": 1.0,
      "min": 1.0,
      "p10": 1.0,
      "median": 1.0,
      "p75": 1.0,
      "max": 1.0,
      "count": 1
    },
    "compactions": {
      "sum": 0.0,
      "avg": 0.0,
      "min": 0.0,
      "p10": 0.0,
      "median": 0.0,
      "p75": 0.0,
      "max": 0.0,
      "count": 1
    },
    "top_heap_gb": {
      "sum": 0.003662109375,
      "avg": 0.003662109375,
      "min": 0.003662109375,
      "p10": 0.003662109375,
      "median": 0.003662109375,
      "p75": 0.003662109375,
      "max": 0.003662109375,
      "count": 1
    },
    "stack_kb": {
      "sum": 0.671875,
      "avg": 0.671875,
      "min": 0.671875,
      "p10": 0.671875,
      "median": 0.671875,
      "p75": 0.671875,
      "max": 0.671875,
      "count": 1
    },
    "minor_heap_kb": {
      "sum": 8192.0,
      "avg": 8192.0,
      "min": 8192.0,
      "p10": 8192.0,
      "median": 8192.0,
      "p75": 8192.0,
      "max": 8192.0,
      "count": 1
    }
  }
}