{
  "time": {
    "rtime": 0.06491200900000001,
    "utime": 0.017057000000000003,
    "stime": 0.010584,
    "cutime": 0.0,
    "cstime": 0.0
  }
}