{
  "time": {
    "rtime": 0.10429566100000001,
    "utime": 0.026646000000000003,
    "stime": 0.0,
    "cutime": 0.0,
    "cstime": 0.0
  }
}