{
  "time": {
    "rtime": 0.558976091,
    "utime": 0.07947,
    "stime": 0.013504000000000002,
    "cutime": 0.044266,
    "cstime": 0.020683
  },
  "mem": {
    "minor_gb": 0.054946623742580414,
    "promoted_gb": 0.0023403987288475037,
    "major_gb": 0.0028121918439865112,
    "allocated_gb": 0.05541841685771942,
    "minor_collections": 11,
    "major_collections": 1,
    "compactions": 0,
    "top_heap_gb": 0.003662109375,
    "stack_kb": 0.671875,
    "minor_heap_kb": 8192.0
  }
}