{
  "time": {
    "rtime": {
      "sum": 0.0009014800000000001,
      "avg": 0.0009014800000000001,
      "min": 0.0009014800000000001,
      "p10": 0.0009014800000000001,
      "median": 0.0009014800000000001,
      "p75": 0.0009014800000000001,
      "max": 0.0009014800000000001,
      "count": 1
    },
    "utime": {
      "sum": 0.0,
      "avg": 0.0,
      "min": 0.0,
      "p10": 0.0,
      "median": 0.0,
      "p75": 0.0,
      "max": 0.0,
      "count": 1
    },
    "stime": {
      "sum": 0.00027599999999999847,
      "avg": 0.00027599999999999847,
      "min": 0.00027599999999999847,
      "p10": 0.00027599999999999847,
      "median": 0.00027599999999999847,
      "p75": 0.00027599999999999847,
      "max": 0.00027599999999999847,
      "count": 1
    },
    "cutime": {
      "sum": 0.0,
      "avg": 0.0,
      "min": 0.0,
      "p10": 0.0,
      "median": 0.0,
      "p75": 0.0,
      "max": 0.0,
      "count": 1
    },
    "cstime": {
      "sum": 0.0,
      "avg": 0.0,
      "min": 0.0,
      "p10": 0.0,
      "median": 0.0,
      "p75": 0.0,
      "max": 0.0,
      "count": 1
    }
  }
}