{
  "time": {
    "rtime": 0.0009014800000000001,
    "utime": 0.0,
    "stime": 0.00027599999999999847,
    "cutime": 0.0,
    "cstime": 0.0
  }
}