{
  "time": {
    "rtime": 1.098975835,
    "utime": 0.16782100000000003,
    "stime": 0.009873999999999999,
    "cutime": 0.070844,
    "cstime": 0.060555
  },
  "mem": {
    "minor_gb": 0.09096837043762207,
    "promoted_gb": 0.0029062405228614807,
    "major_gb": 0.003422774374485016,
    "allocated_gb": 0.09148490428924561,
    "minor_collections": 16,
    "major_collections": 1,
    "compactions": 0,
    "top_heap_gb": 0.003662109375,
    "stack_kb": 0.53125,
    "minor_heap_kb": 8192.0
  }
}