{
  "time": {
    "rtime": {
      "sum": 0.250475545,
      "avg": 0.1252377725,
      "min": 0.027380573000000002,
      "p10": 0.1252377725,
      "median": 0.1252377725,
      "p75": 0.1252377725,
      "max": 0.223094972,
      "count": 2
    },
    "utime": {
      "sum": 0.017167999999999996,
      "avg": 0.008583999999999998,
      "min": 0.0008829999999999949,
      "p10": 0.008583999999999998,
      "median": 0.008583999999999998,
      "p75": 0.008583999999999998,
      "max": 0.016285,
      "count": 2
    },
    "stime": {
      "sum": 0.0006619999999999994,
      "avg": 0.0003309999999999997,
      "min": 0.0,
      "p10": 0.0003309999999999997,
      "median": 0.0003309999999999997,
      "p75": 0.0003309999999999997,
      "max": 0.0006619999999999994,
      "count": 2
    },
    "cutime": {
      "sum": 0.022627,
      "avg": 0.0113135,
      "min": 0.0,
      "p10": 0.0113135,
      "median": 0.0113135,
      "p75": 0.0113135,
      "max": 0.022627,
      "count": 2
    },
    "cstime": {
      "sum": 0.002572999999999999,
      "avg": 0.0012864999999999994,
      "min": 0.0,
      "p10": 0.0012864999999999994,
      "median": 0.0012864999999999994,
      "p75": 0.0012864999999999994,
      "max": 0.002572999999999999,
      "count": 2
    }
  },
  "mem": {
    "minor_gb": {
      "sum": 0.04504401981830597,
      "avg": 0.04504401981830597,
      "min": 0.04504401981830597,
      "p10": 0.04504401981830597,
      "median": 0.04504401981830597,
      "p75": 0.04504401981830597,
      "max": 0.04504401981830597,
      "count": 1
    },
    "promoted_gb": {
      "sum": 0.0022724494338035583,
      "avg": 0.0022724494338035583,
      "min": 0.0022724494338035583,
      "p10": 0.0022724494338035583,
      "median": 0.0022724494338035583,
      "p75": 0.0022724494338035583,
      "max": 0.0022724494338035583,
      "count": 1
    },
    "major_gb": {
      "sum": 0.0027131885290145874,
      "avg": 0.0027131885290145874,
      "min": 0.0027131885290145874,
      "p10": 0.0027131885290145874,
      "median": 0.0027131885290145874,
      "p75": 0.0027131885290145874,
      "max": 0.0027131885290145874,
      "count": 1
    },
    "allocated_gb": {
      "sum": 0.045484758913517,
      "avg": 0.045484758913517,
      "min": 0.045484758913517,
      "p10": 0.045484758913517,
      "median": 0.045484758913517,
      "p75": 0.045484758913517,
      "max": 0.045484758913517,
      "count": 1
    },
    "minor_collections": {
      "sum": 10.0,
      "avg": 10.0,
      "min": 10.0,
      "p10": 10.0,
      "median": 10.0,
      "p75": 10.0,
      "max": 10.0,
      "count": 1
    },
    "major_collections": {
      "sum": 1.0,
      "avg": 1.0,
      "min": 1.0,
      "p10": 1.0,
      "median": 1.0,
      "p75": 1.0,
      "max": 1.0,
      "count": 1
    },
    "compactions": {
      "sum": 0.0,
      "avg": 0.0,
      "min": 0.0,
      "p10": 0.0,
      "median": 0.0,
      "p75": 0.0,
      "max": 0.0,
      "count": 1
    },
    "top_heap_gb": {
      "sum": 0.003662109375,
      "avg": 0.003662109375,
      "min": 0.003662109375,
      "p10": 0.003662109375,
      "median": 0.003662109375,
      "p75": 0.003662109375,
      "max": 0.003662109375,
      "count": 1
    },
    "stack_kb": {
      "sum": 0.71875,
      "avg": 0.71875,
      "min": 0.71875,
      "p10": 0.71875,
      "median": 0.71875,
      "p75": 0.71875,
      "max": 0.71875,
      "count": 1
    },
    "minor_heap_kb": {
      "sum": 8192.0,
      "avg": 8192.0,
      "min": 8192.0,
      "p10": 8192.0,
      "median": 8192.0,
      "p75": 8192.0,
      "max": 8192.0,
      "count": 1
    }
  }
}