{
  "time": {
    "rtime": 0.027380573000000002,
    "utime": 0.0008829999999999949,
    "stime": 0.0006619999999999994,
    "cutime": 0.022627,
    "cstime": 0.002572999999999999
  }
}