{
  "time": {
    "rtime": 0.223094972,
    "utime": 0.016285,
    "stime": 0.0,
    "cutime": 0.0,
    "cstime": 0.0
  },
  "mem": {
    "minor_gb": 0.04504401981830597,
    "promoted_gb": 0.0022724494338035583,
    "major_gb": 0.0027131885290145874,
    "allocated_gb": 0.045484758913517,
    "minor_collections": 10,
    "major_collections": 1,
    "compactions": 0,
    "top_heap_gb": 0.003662109375,
    "stack_kb": 0.71875,
    "minor_heap_kb": 8192.0
  }
}